id,account_id,name,position,ownerEl,slave,income_list,code,level,ind_nature,creditor,debtor,has_sub,is_sub,ind_to_cost,ind_analysis,ind_added_date,ind_others,coin_id,index_company_id,barcode,buy_value,prev_damage,net_value,working_date,buy_date,annual_damage_rate,age,damage_type
1,1,الأصول,0,0,...,0,1,1,,0,0,,...,,0,9/12/2023 19:42,,0,0,NULL,NULL,NULL,NULL,NULL,NULL,NULL,NULL,NULL
2,1,الأصول الغير متداولة,0,1,...,0,101,2,,0,0,,...,0,0,1/2/2025 19:31,,0,0,NULL,NULL,NULL,NULL,NULL,NULL,NULL,NULL,NULL
3,1,الات ومعدات,0,2,...,0,10101,3,,0,0,,...,,0,9/12/2023 19:44,,0,0,NULL,NULL,NULL,NULL,NULL,NULL,NULL,NULL,NULL
4,1,اراضي,1,2,...,0,10102,3,,0,0,,...,,0,9/12/2023 19:45,,0,0,NULL,NULL,NULL,NULL,NULL,NULL,NULL,NULL,NULL
5,1,مباني,2,2,...,0,10103,3,,0,0,,...,,0,9/12/2023 19:45,,0,0,NULL,NULL,NULL,NULL,NULL,NULL,NULL,NULL,NULL
6,1,اجهزة و حاسبات,3,2,...,0,10104,3,,0,0,,...,,0,9/12/2023 19:45,,0,0,NULL,NULL,NULL,NULL,NULL,NULL,NULL,NULL,NULL
7,1, * الانشاءات,4,2,...,0,10105,3,,0,0,1,...,0,0,2/21/2024 16:04,,0,0,NULL,NULL,NULL,NULL,NULL,NULL,NULL,NULL,NULL
8,1,اثاث مكتبي,5,2,...,0,10106,3,,0,0,,...,,0,9/12/2023 19:45,,0,0,NULL,NULL,NULL,NULL,NULL,NULL,NULL,NULL,NULL
9,1,الأصول المتداوله,1,1,...,0,102,2,,0,0,,...,0,0,9/12/2023 19:46,,0,0,NULL,NULL,NULL,NULL,NULL,NULL,NULL,NULL,NULL
219,1,فرعيه,1,217,...,0,102110102,5,,0,11167249,,...,,0,11/1/2024 16:37,,0,0,NULL,NULL,NULL,NULL,NULL,NULL,NULL,NULL,NULL
217,1,الخزينة,0,216,...,0,1021101,4,,0,0,,...,,0,9/12/2023 21:15,,0,0,NULL,NULL,NULL,NULL,NULL,NULL,NULL,NULL,NULL
218,1,رئيسية,0,217,...,0,102110101,5,,0,0,,...,,0,11/1/2024 16:36,,0,0,NULL,NULL,NULL,NULL,NULL,NULL,NULL,NULL,NULL
13,1,البنك,0,9,...,0,10201,3,,0,0,,...,,0,9/19/2024 14:39,,0,0,NULL,NULL,NULL,NULL,NULL,NULL,NULL,NULL,NULL
14,1,بنك اسكندريه,0,13,...,0,1020101,4,,0,0,,...,,0,6/15/2025 21:30,,0,0,NULL,NULL,NULL,NULL,NULL,NULL,NULL,NULL,NULL
15,1,بنكQNB ,1,13,...,0,1020202,4,,0,0,,...,,0,3/23/2024 11:13,,0,0,NULL,NULL,NULL,NULL,NULL,NULL,NULL,NULL,NULL
16,1,العملاء,1,9,...,0,10202,3,,0,5075449,1,...,0,0,5/29/2024 18:28,,0,0,NULL,NULL,NULL,NULL,NULL,NULL,NULL,NULL,NULL
17,1,المخزون,2,9,...,0,10203,3,,0,0,,...,,0,12/13/2023 13:33,,0,0,NULL,NULL,NULL,NULL,NULL,NULL,NULL,NULL,NULL
20,1,مصروف مقدم,3,9,...,0,10204,3,,0,0,,...,,0,5/3/2024 19:20,,0,0,NULL,NULL,NULL,NULL,NULL,NULL,NULL,NULL,NULL
21,1,ايراد مستحق,4,9,...,0,10206,3,,0,0,,...,,0,9/12/2023 21:14,,0,0,NULL,NULL,NULL,NULL,NULL,NULL,NULL,NULL,NULL
22,1,أ.قبض,5,9,...,0,10207,3,,0,0,,...,,0,9/12/2023 21:14,,0,0,NULL,NULL,NULL,NULL,NULL,NULL,NULL,NULL,NULL
23,1,شيكات تحت التحصيل,6,9,...,0,10207,3,,0,0,,...,,0,9/28/2023 14:27,,0,0,NULL,NULL,NULL,NULL,NULL,NULL,NULL,NULL,NULL
24,1,العهد,7,9,...,0,10208,3,,0,0,,...,,0,9/18/2023 15:21,,0,0,NULL,NULL,NULL,NULL,NULL,NULL,NULL,NULL,NULL
25,1,عهدة الشركه,0,24,...,0,1020801,4,,0,0,1,...,0,0,9/21/2023 15:53,,0,0,NULL,NULL,NULL,NULL,NULL,NULL,NULL,NULL,NULL
26,1,عهدة الدفتر,1,25,...,0,102090101,5,0,0,0,0,...,0,0,9/21/2023 19:57,,0,0,NULL,NULL,NULL,NULL,NULL,NULL,NULL,NULL,NULL
27,1,عهدة ناجح,1,25,...,0,102090102,5,0,0,0,0,...,0,0,9/21/2023 19:57,,0,0,NULL,NULL,NULL,NULL,NULL,NULL,NULL,NULL,NULL
28,1,عهدة احمد سلامه,1,25,...,0,102090103,5,0,0,0,0,...,0,0,9/21/2023 15:55,,0,0,NULL,NULL,NULL,NULL,NULL,NULL,NULL,NULL,NULL
29,1,عهدة وجدي,1,25,...,0,102090104,5,0,0,0,0,...,0,0,9/21/2023 19:58,,0,0,NULL,NULL,NULL,NULL,NULL,NULL,NULL,NULL,NULL
30,1, عهدة محمد سيد,1,25,...,0,102090105,5,0,0,0,0,...,0,0,9/21/2023 19:57,,0,0,NULL,NULL,NULL,NULL,NULL,NULL,NULL,NULL,NULL
31,1,عهدة اسلام,1,25,...,0,102090106,5,0,0,0,0,...,0,0,9/21/2023 19:57,,0,0,NULL,NULL,NULL,NULL,NULL,NULL,NULL,NULL,NULL
32,1,عهدة حسام ,1,25,...,0,102090107,5,0,0,0,0,...,0,0,9/21/2023 19:57,,0,0,NULL,NULL,NULL,NULL,NULL,NULL,NULL,NULL,NULL
33,1,مهندس إبراهيم خالد,1,24,...,0,1020802,4,,0,150000,1,...,0,0,2/22/2024 15:55,,0,0,NULL,NULL,NULL,NULL,NULL,NULL,NULL,NULL,NULL
34,1,مخزن مسطرد 1,1,33,...,0,102090201,5,0,0,0,0,...,0,0,3/29/2024 15:52,,0,0,NULL,NULL,NULL,NULL,NULL,NULL,NULL,NULL,NULL
35,1,مخزن الجيش ,1,33,...,0,102090202,5,,0,0,0,...,0,0,2/17/2024 3:08,,0,0,NULL,NULL,NULL,NULL,NULL,NULL,NULL,NULL,NULL
36,1,الشركه والمكاتب ,1,33,...,0,102090203,5,,0,0,0,...,0,0,9/12/2023 20:01,,0,0,NULL,NULL,NULL,NULL,NULL,NULL,NULL,NULL,NULL
37,1,مهندس اسامه الوزير,2,24,...,0,1020803,4,,0,0,1,...,0,0,9/18/2023 15:32,,0,0,NULL,NULL,NULL,NULL,NULL,NULL,NULL,NULL,NULL
38,1,مخزن الجيش ,1,37,...,0,102090301,5,,0,0,0,...,0,0,9/12/2023 20:02,,0,0,NULL,NULL,NULL,NULL,NULL,NULL,NULL,NULL,NULL
39,1,مخزن مسطرد,1,37,...,0,102090302,5,,0,0,0,...,0,0,9/12/2023 20:02,,0,0,NULL,NULL,NULL,NULL,NULL,NULL,NULL,NULL,NULL
40,1, عهدة المكتب العلمي ,3,24,...,0,1020804,4,,0,0,0,...,0,0,9/21/2023 19:54,,0,0,NULL,NULL,NULL,NULL,NULL,NULL,NULL,NULL,NULL
41,1, عهدة مكتب الاستيراد,4,24,...,0,1020805,4,,0,0,0,...,0,0,9/21/2023 19:54,,0,0,NULL,NULL,NULL,NULL,NULL,NULL,NULL,NULL,NULL
42,1,عهدة مكتب التطوير,5,24,...,0,1020806,4,,0,0,0,...,0,0,9/21/2023 19:55,,0,0,NULL,NULL,NULL,NULL,NULL,NULL,NULL,NULL,NULL
43,1,عهده مهندس انس ,6,24,...,0,1020907,4,,0,0,,...,,0,3/28/2024 11:20,,0,0,NULL,NULL,NULL,NULL,NULL,NULL,NULL,NULL,NULL
44,1,تأمينات لدي الغير,8,9,...,0,10209,3,,0,0,0,...,0,0,2/24/2024 19:29,,0,0,NULL,NULL,NULL,NULL,NULL,NULL,NULL,NULL,NULL
45,1,الالتزامات,1,0,...,0,2,1,,0,0,,...,0,0,2/26/2025 20:03,,0,0,NULL,NULL,NULL,NULL,NULL,NULL,NULL,NULL,NULL
46,1,الموردين,0,45,...,0,201,2,,0,0,1,...,0,0,9/12/2023 20:04,,0,0,NULL,NULL,NULL,NULL,NULL,NULL,NULL,NULL,NULL
47,1,مستر جورج Z,1,46,...,0,20101,3,,0,0,0,...,0,0,9/12/2023 20:07,,0,0,NULL,NULL,NULL,NULL,NULL,NULL,NULL,NULL,NULL
48,1,مستر جورج $,1,46,...,0,20102,3,0,0,0,0,...,0,0,3/13/2025 19:11,,0,0,NULL,NULL,NULL,NULL,NULL,NULL,NULL,NULL,NULL
49,1,القروض,1,45,...,0,202,2,,0,0,,...,0,0,9/12/2023 20:08,,0,0,NULL,NULL,NULL,NULL,NULL,NULL,NULL,NULL,NULL
50,1,مصروف مستحق,2,45,...,0,203,2,,0,0,,...,,0,9/12/2023 20:08,,0,0,NULL,NULL,NULL,NULL,NULL,NULL,NULL,NULL,NULL
51,1,ايراد مقدم,3,45,...,0,204,2,,0,0,,...,,0,9/12/2023 20:08,,0,0,NULL,NULL,NULL,NULL,NULL,NULL,NULL,NULL,NULL
52,1,أ.الدفع,4,45,...,0,205,2,,0,0,,...,,0,9/12/2023 20:08,,0,0,NULL,NULL,NULL,NULL,NULL,NULL,NULL,NULL,NULL
53,1,تمويل,5,45,...,0,206,2,,0,0,,...,,0,9/12/2023 20:08,,0,0,NULL,NULL,NULL,NULL,NULL,NULL,NULL,NULL,NULL
54,1,حقوق الملكيه,2,0,...,0,3,1,,0,0,,...,,0,9/12/2023 20:08,,0,0,NULL,NULL,NULL,NULL,NULL,NULL,NULL,NULL,NULL
55,1,راس المال,0,54,...,0,301,2,,0,0,,...,,0,9/12/2023 20:09,,0,0,NULL,NULL,NULL,NULL,NULL,NULL,NULL,NULL,NULL
56,1,جاري الشركاء,1,54,...,0,302,2,,0,0,1,...,0,0,9/12/2023 20:09,,0,0,NULL,NULL,NULL,NULL,NULL,NULL,NULL,NULL,NULL
57,1,الحاج احمد,1,56,...,0,30201,3,,0,0,0,...,0,0,9/12/2023 20:09,,0,0,NULL,NULL,NULL,NULL,NULL,NULL,NULL,NULL,NULL
58,1,الحاج حسين,1,56,...,0,30202,3,,0,0,0,...,0,0,9/12/2023 20:09,,0,0,NULL,NULL,NULL,NULL,NULL,NULL,NULL,NULL,NULL
59,1,المصروفات,3,0,...,0,4,1,,0,0,,...,,0,9/12/2023 20:09,,0,0,NULL,NULL,NULL,NULL,NULL,NULL,NULL,NULL,NULL
60,1,المصروفات الاداريه والبيعيه,0,59,...,0,401,2,,0,0,,...,0,0,9/22/2023 19:11,,0,0,NULL,NULL,NULL,NULL,NULL,NULL,NULL,NULL,NULL
61,1,المرتبات,0,60,...,0,40101,3,,0,0,1,...,0,0,9/12/2023 20:12,,0,0,NULL,NULL,NULL,NULL,NULL,NULL,NULL,NULL,NULL
62,1,الشركة,1,61,...,0,4010101,4,,0,0,0,...,0,0,9/12/2023 20:12,,0,0,NULL,NULL,NULL,NULL,NULL,NULL,NULL,NULL,NULL
63,1,المكتب العلمي,1,61,...,0,4010102,4,,0,0,0,...,0,0,9/12/2023 20:13,,0,0,NULL,NULL,NULL,NULL,NULL,NULL,NULL,NULL,NULL
64,1,مكتب التطوير,1,61,...,0,4010103,4,,0,0,0,...,0,0,9/12/2023 20:13,,0,0,NULL,NULL,NULL,NULL,NULL,NULL,NULL,NULL,NULL
65,1,مكتب الاستيراد,1,61,...,0,4010104,4,,0,0,0,...,0,0,9/12/2023 20:13,,0,0,NULL,NULL,NULL,NULL,NULL,NULL,NULL,NULL,NULL
66,1, * الإيجارات,1,60,...,0,40102,3,,0,0,1,...,0,0,10/7/2024 19:18,,0,0,NULL,NULL,NULL,NULL,NULL,NULL,NULL,NULL,NULL
67,1,مكتب التوفيقية,1,66,...,0,4010201,4,,0,0,0,...,0,0,9/12/2023 20:13,,0,0,NULL,NULL,NULL,NULL,NULL,NULL,NULL,NULL,NULL
68,1,مخزن شارع الجيش,1,66,...,0,4010202,4,,0,0,0,...,0,0,9/12/2023 20:13,,0,0,NULL,NULL,NULL,NULL,NULL,NULL,NULL,NULL,NULL
69,1,مخزن ح/اسماعيل,1,66,...,0,4010203,4,,0,0,0,...,0,0,9/12/2023 20:14,,0,0,NULL,NULL,NULL,NULL,NULL,NULL,NULL,NULL,NULL
70,1,مخزن سيد,1,66,...,0,4010204,4,,0,0,0,...,0,0,9/12/2023 20:14,,0,0,NULL,NULL,NULL,NULL,NULL,NULL,NULL,NULL,NULL
71,1,شقة رجب,1,66,...,0,4010205,4,,0,0,0,...,0,0,9/12/2023 20:14,,0,0,NULL,NULL,NULL,NULL,NULL,NULL,NULL,NULL,NULL
72,1,المواصلات و الإنتقالات,2,60,...,0,40103,3,,0,0,0,...,0,0,9/12/2023 20:14,,0,0,NULL,NULL,NULL,NULL,NULL,NULL,NULL,NULL,NULL
73,1, * مواصلات وانتقالات الشركة ,0,72,...,0,4010301,4,,0,0,1,...,0,0,10/7/2024 19:17,,0,0,NULL,NULL,NULL,NULL,NULL,NULL,NULL,NULL,NULL
74,1,مواصلات وانتقالات -  الدفتر,1,73,...,0,401030101,5,0,0,0,0,...,0,0,11/4/2024 12:07,,0,0,NULL,NULL,NULL,NULL,NULL,NULL,NULL,NULL,NULL
75,1,مواصلات وانتقالات -  ناجح,1,73,...,0,401030102,5,0,0,0,0,...,0,0,11/4/2024 12:07,,0,0,NULL,NULL,NULL,NULL,NULL,NULL,NULL,NULL,NULL
76,1,مواصلات وانتقالات -  احمد سلامه,1,73,...,0,401030103,5,0,0,0,0,...,0,0,11/4/2024 12:07,,0,0,NULL,NULL,NULL,NULL,NULL,NULL,NULL,NULL,NULL
77,1,مواصلات وانتقالات - عمال مخازن مسطرد,1,73,...,0,401030104,5,0,0,0,0,...,0,0,11/4/2024 12:07,,0,0,NULL,NULL,NULL,NULL,NULL,NULL,NULL,NULL,NULL
78,1,مواصلات وانتقالات - عمال مخزن ش.الجيش,1,73,...,0,401030105,5,0,0,0,0,...,0,0,11/4/2024 12:08,,0,0,NULL,NULL,NULL,NULL,NULL,NULL,NULL,NULL,NULL
79,1,مواصلات وانتقالات -  اسلام,1,73,...,0,401030106,5,0,0,0,0,...,0,0,11/4/2024 12:07,,0,0,NULL,NULL,NULL,NULL,NULL,NULL,NULL,NULL,NULL
80,1,مواصلات وانتقالات -  حسام ,1,73,...,0,401030107,5,0,0,0,0,...,0,0,11/4/2024 12:07,,0,0,NULL,NULL,NULL,NULL,NULL,NULL,NULL,NULL,NULL
81,1, المكتب العلمي -مواصلات وانتقالات,1,72,...,0,4010302,4,,0,0,0,...,0,0,11/4/2024 10:17,,0,0,NULL,NULL,NULL,NULL,NULL,NULL,NULL,NULL,NULL
82,1, مكتب الاستيراد -مواصلات وانتقالات,2,72,...,0,4010303,4,,0,0,0,...,0,0,11/4/2024 10:17,,0,0,NULL,NULL,NULL,NULL,NULL,NULL,NULL,NULL,NULL
83,1, مكتب التطوير -مواصلات وانتقالات,3,72,...,0,4010304,4,,0,0,0,...,0,0,11/4/2024 10:17,,0,0,NULL,NULL,NULL,NULL,NULL,NULL,NULL,NULL,NULL
84,1,مواد تعبئه وتغليف,3,60,...,0,40104,3,,0,0,,...,,0,9/12/2023 20:17,,0,0,NULL,NULL,NULL,NULL,NULL,NULL,NULL,NULL,NULL
85,1,   *  مواد تعبئة وتغليف الشركه,0,84,...,0,4010401,4,,0,0,1,...,0,0,10/7/2024 19:19,,0,0,NULL,NULL,NULL,NULL,NULL,NULL,NULL,NULL,NULL
86,1,تعبئة وتغليف - الدفتر,1,85,...,0,401040101,5,0,0,0,0,...,0,0,11/4/2024 11:37,,0,0,NULL,NULL,NULL,NULL,NULL,NULL,NULL,NULL,NULL
87,1,تعبئة وتغليف - ناجح ,1,85,...,0,401040102,5,0,0,0,0,...,0,0,11/4/2024 11:37,,0,0,NULL,NULL,NULL,NULL,NULL,NULL,NULL,NULL,NULL
88,1,تعبئة وتغليف -احمد سلامه,1,85,...,0,401040103,5,0,0,0,0,...,0,0,11/4/2024 11:37,,0,0,NULL,NULL,NULL,NULL,NULL,NULL,NULL,NULL,NULL
89,1,تعبئة وتغليف - مخازن مسطرد,1,85,...,0,401040104,5,0,0,0,0,...,0,0,11/4/2024 11:37,,0,0,NULL,NULL,NULL,NULL,NULL,NULL,NULL,NULL,NULL
90,1, تعبئة وتغليف - مخزن ش.الجيش,1,85,...,0,401040105,5,0,0,0,0,...,0,0,11/4/2024 11:37,,0,0,NULL,NULL,NULL,NULL,NULL,NULL,NULL,NULL,NULL
91,1,تعبئة وتغليف - اسلام,1,85,...,0,401040106,5,0,0,0,0,...,0,0,11/4/2024 11:37,,0,0,NULL,NULL,NULL,NULL,NULL,NULL,NULL,NULL,NULL
92,1,تعبئة وتغليف - حسام ,1,85,...,0,401040107,5,0,0,0,0,...,0,0,11/4/2024 11:37,,0,0,NULL,NULL,NULL,NULL,NULL,NULL,NULL,NULL,NULL
93,1, المكتب العلمي -تعبئة وتغليف,1,84,...,0,4010402,4,,0,0,0,...,0,0,11/4/2024 10:17,,0,0,NULL,NULL,NULL,NULL,NULL,NULL,NULL,NULL,NULL
94,1, مكتب الاستيراد -تعبئة وتغليف,2,84,...,0,4010403,4,,0,0,0,...,0,0,11/4/2024 10:18,,0,0,NULL,NULL,NULL,NULL,NULL,NULL,NULL,NULL,NULL
95,1, مكتب التطوير -تعبئة وتغليف,3,84,...,0,4010404,4,,0,0,0,...,0,0,11/4/2024 10:18,,0,0,NULL,NULL,NULL,NULL,NULL,NULL,NULL,NULL,NULL
96,1,إصلاح المكياج,4,60,...,0,40105,3,,0,0,,...,,0,9/12/2023 20:19,,0,0,NULL,NULL,NULL,NULL,NULL,NULL,NULL,NULL,NULL
97,1, *  *  اصلاح مكياج الشركه,0,96,...,0,4010501,4,,0,0,1,...,0,0,10/7/2024 19:21,,0,0,NULL,NULL,NULL,NULL,NULL,NULL,NULL,NULL,NULL
98,1,اصلاح مكياج -  مخزن مسطرد,1,97,...,0,401050101,5,0,0,0,0,...,0,0,11/4/2024 12:17,,0,0,NULL,NULL,NULL,NULL,NULL,NULL,NULL,NULL,NULL
99,1,اصلاح مكياج -  مخزن الجيش ,1,97,...,0,401050102,5,0,0,0,0,...,0,0,11/4/2024 12:17,,0,0,NULL,NULL,NULL,NULL,NULL,NULL,NULL,NULL,NULL
100,1,أدوات نظافه,5,60,...,0,40106,3,,0,0,,...,,0,9/12/2023 20:20,,0,0,NULL,NULL,NULL,NULL,NULL,NULL,NULL,NULL,NULL
101,1, *  *  مستلزمات نظافة الشركه,0,100,...,0,4010601,4,,0,0,1,...,0,0,10/7/2024 19:22,,0,0,NULL,NULL,NULL,NULL,NULL,NULL,NULL,NULL,NULL
102,1,مستلزمات نظافة - الدفتر,1,101,...,0,401060101,5,0,0,0,0,...,0,0,11/4/2024 11:31,,0,0,NULL,NULL,NULL,NULL,NULL,NULL,NULL,NULL,NULL
103,1,مستلزمات نظافة - ناجح ,1,101,...,0,401060102,5,0,0,0,0,...,0,0,11/4/2024 11:32,,0,0,NULL,NULL,NULL,NULL,NULL,NULL,NULL,NULL,NULL
104,1,مستلزمات نظافة -احمد سلامه,1,101,...,0,401060103,5,0,0,0,0,...,0,0,11/4/2024 11:32,,0,0,NULL,NULL,NULL,NULL,NULL,NULL,NULL,NULL,NULL
105,1,مستلزمات نظافة - مخازن مسطرد,1,101,...,0,401060104,5,0,0,0,0,...,0,0,11/4/2024 11:32,,0,0,NULL,NULL,NULL,NULL,NULL,NULL,NULL,NULL,NULL
106,1,مستلزمات نظافة - مخزن شارع الجيش,1,101,...,0,401060105,5,0,0,0,0,...,0,0,11/4/2024 11:32,,0,0,NULL,NULL,NULL,NULL,NULL,NULL,NULL,NULL,NULL
107,1,مستلزمات نظافة - اسلام,1,101,...,0,401060106,5,0,0,0,0,...,0,0,11/4/2024 11:31,,0,0,NULL,NULL,NULL,NULL,NULL,NULL,NULL,NULL,NULL
108,1,مستلزمات نظافة - حسام ,1,101,...,0,401060107,5,0,0,0,0,...,0,0,11/4/2024 11:32,,0,0,NULL,NULL,NULL,NULL,NULL,NULL,NULL,NULL,NULL
109,1, المكتب العلمي -مستلزمات نظافة,1,100,...,0,4010602,4,,0,0,0,...,0,0,11/4/2024 10:15,,0,0,NULL,NULL,NULL,NULL,NULL,NULL,NULL,NULL,NULL
110,1, مكتب الاستيراد -مستلزمات نظافة,2,100,...,0,4010603,4,,0,0,0,...,0,0,11/4/2024 10:15,,0,0,NULL,NULL,NULL,NULL,NULL,NULL,NULL,NULL,NULL
111,1, مكتب التطوير -مستلزمات نظافة,3,100,...,0,4010604,4,,0,0,0,...,0,0,11/4/2024 10:16,,0,0,NULL,NULL,NULL,NULL,NULL,NULL,NULL,NULL,NULL
112,1,مستلزمات كومبيوتر وأدوات مكتبيه,6,60,...,0,40107,3,,0,0,,...,0,0,9/12/2023 20:22,,0,0,NULL,NULL,NULL,NULL,NULL,NULL,NULL,NULL,NULL
113,1, *  *  مستلزمات كمبيوتر وادوات مكتبية الشركه,0,112,...,0,4010701,4,,0,0,1,...,0,0,10/7/2024 19:24,,0,0,NULL,NULL,NULL,NULL,NULL,NULL,NULL,NULL,NULL
114,1,مستلزمات كمبيوتر وادوات مكتبيه عهده الدفتر,1,113,...,0,401070101,5,0,0,0,0,...,0,0,8/23/2024 17:08,,0,0,NULL,NULL,NULL,NULL,NULL,NULL,NULL,NULL,NULL
115,1,مستلزمات كمبيوتر وادوات مكتبيه عهده ناجح ,1,113,...,0,401070102,5,0,0,0,0,...,0,0,8/23/2024 17:09,,0,0,NULL,NULL,NULL,NULL,NULL,NULL,NULL,NULL,NULL
116,1,مستلزمات كمبيوتر وادوات مكتبيه عهده احمد سلامه,1,113,...,0,401070103,5,0,0,0,0,...,0,0,8/23/2024 17:08,,0,0,NULL,NULL,NULL,NULL,NULL,NULL,NULL,NULL,NULL
117,1,مستلزمات كمبيوتر وادوات مكتبيه مخازن مسطرد,1,113,...,0,401070104,5,0,0,0,0,...,0,0,8/23/2024 17:09,,0,0,NULL,NULL,NULL,NULL,NULL,NULL,NULL,NULL,NULL
118,1,مستلزمات كمبيوتر وادوات مكتبيه مخزن ش.الجيش,1,113,...,0,401070105,5,0,0,0,0,...,0,0,8/23/2024 17:09,,0,0,NULL,NULL,NULL,NULL,NULL,NULL,NULL,NULL,NULL
119,1,مستلزمات كمبيوتر وادوات مكتبيه عهده اسلام,1,113,...,0,401070106,5,0,0,0,0,...,0,0,8/23/2024 17:08,,0,0,NULL,NULL,NULL,NULL,NULL,NULL,NULL,NULL,NULL
120,1,مستلزمات كمبيوتر وادوات مكتبيه عهده حسام ,1,113,...,0,401070107,5,0,0,0,0,...,0,0,8/23/2024 17:09,,0,0,NULL,NULL,NULL,NULL,NULL,NULL,NULL,NULL,NULL
121,1, المكتب العلمي -مستلزمات كمبيوتر وادوات مكتبية,1,112,...,0,4010702,4,,0,0,0,...,0,0,11/4/2024 10:18,,0,0,NULL,NULL,NULL,NULL,NULL,NULL,NULL,NULL,NULL
122,1, مكتب الاستيراد -مستلزمات كمبيوتر وادوات مكتبية,2,112,...,0,4010703,4,,0,0,0,...,0,0,11/4/2024 10:19,,0,0,NULL,NULL,NULL,NULL,NULL,NULL,NULL,NULL,NULL
123,1, مكتب التطوير -مستلزمات كمبيوتر وادوات مكتبية,3,112,...,0,4010704,4,,0,0,0,...,0,0,11/4/2024 10:19,,0,0,NULL,NULL,NULL,NULL,NULL,NULL,NULL,NULL,NULL
124,1,مصروفات محاماه,7,60,...,0,40108,3,,0,0,,...,,0,9/12/2023 20:24,,0,0,NULL,NULL,NULL,NULL,NULL,NULL,NULL,NULL,NULL
125,1,ايمن عزب ,0,124,...,0,4010801,4,,0,0,,...,,0,9/12/2023 20:24,,0,0,NULL,NULL,NULL,NULL,NULL,NULL,NULL,NULL,NULL
126,1,عمر المختار,1,124,...,0,4010802,4,,0,0,,...,,0,9/12/2023 20:24,,0,0,NULL,NULL,NULL,NULL,NULL,NULL,NULL,NULL,NULL
127,1,عصام عجايبي ,2,124,...,0,4010803,4,,0,0,,...,,0,9/12/2023 20:24,,0,0,NULL,NULL,NULL,NULL,NULL,NULL,NULL,NULL,NULL
128,1,صيانات,8,60,...,0,40109,3,,0,0,,...,,0,10/7/2024 19:29,,0,0,NULL,NULL,NULL,NULL,NULL,NULL,NULL,NULL,NULL
129,1, *  *  صيانات الشركه,0,128,...,0,4010901,4,,0,0,1,...,0,0,10/7/2024 19:27,,0,0,NULL,NULL,NULL,NULL,NULL,NULL,NULL,NULL,NULL
130,1,صيانات - الدفتر,1,129,...,0,401090102,5,0,0,0,0,...,0,0,11/4/2024 11:33,,0,0,NULL,NULL,NULL,NULL,NULL,NULL,NULL,NULL,NULL
131,1,صيانات - ناجح ,1,129,...,0,401090102,5,0,0,0,0,...,0,0,11/4/2024 11:33,,0,0,NULL,NULL,NULL,NULL,NULL,NULL,NULL,NULL,NULL
132,1,صيانات - مخازن مسطرد,1,129,...,0,401090103,5,0,0,0,0,...,0,0,11/4/2024 11:33,,0,0,NULL,NULL,NULL,NULL,NULL,NULL,NULL,NULL,NULL
133,1,صيانات - مخزن ش.الجيش ,1,129,...,0,401090104,5,0,0,0,0,...,0,0,11/4/2024 11:32,,0,0,NULL,NULL,NULL,NULL,NULL,NULL,NULL,NULL,NULL
134,1,صيانات - اسلام,1,129,...,0,401090105,5,0,0,0,0,...,0,0,11/4/2024 11:32,,0,0,NULL,NULL,NULL,NULL,NULL,NULL,NULL,NULL,NULL
135,1,صيانات - حسام ,1,129,...,0,401090106,5,0,0,0,0,...,0,0,11/4/2024 11:32,,0,0,NULL,NULL,NULL,NULL,NULL,NULL,NULL,NULL,NULL
136,1, المكتب العلمي -صيانات,1,128,...,0,4010902,4,,0,0,0,...,0,0,11/4/2024 10:19,,0,0,NULL,NULL,NULL,NULL,NULL,NULL,NULL,NULL,NULL
137,1,مكتب الاستيراد -صيانات,2,128,...,0,4010903,4,,0,0,0,...,0,0,11/4/2024 10:19,,0,0,NULL,NULL,NULL,NULL,NULL,NULL,NULL,NULL,NULL
138,1, مكتب التطوير -صيانات,3,128,...,0,4010904,4,,0,0,0,...,0,0,11/4/2024 10:20,,0,0,NULL,NULL,NULL,NULL,NULL,NULL,NULL,NULL,NULL
139,1,كهرباء,9,60,...,0,40110,3,,0,0,,...,,0,9/12/2023 20:26,,0,0,NULL,NULL,NULL,NULL,NULL,NULL,NULL,NULL,NULL
140,1, *  * استهلاك كهرباء الشركه,0,139,...,0,4011001,4,,0,0,1,...,0,0,10/7/2024 19:29,,0,0,NULL,NULL,NULL,NULL,NULL,NULL,NULL,NULL,NULL
141,1,استهلاك كهرباء -  المعرض,1,140,...,0,401100101,5,0,0,0,0,...,0,0,11/4/2024 12:15,,0,0,NULL,NULL,NULL,NULL,NULL,NULL,NULL,NULL,NULL
142,1,استهلاك كهرباء -  مخزن مسطرد,1,140,...,0,401100102,5,0,0,0,0,...,0,0,11/4/2024 12:16,,0,0,NULL,NULL,NULL,NULL,NULL,NULL,NULL,NULL,NULL
143,1, استهلاك كهرباء - مخزن الجيش ,1,140,...,0,401100103,5,0,0,0,0,...,0,0,11/4/2024 12:15,,0,0,NULL,NULL,NULL,NULL,NULL,NULL,NULL,NULL,NULL
144,1, استهلاك كهرباء - مخزن الخرنفش ,1,140,...,0,401100104,5,0,0,0,0,...,0,0,11/4/2024 12:15,,0,0,NULL,NULL,NULL,NULL,NULL,NULL,NULL,NULL,NULL
145,1, المكتب العلمي - استهلاك كهرباء,1,139,...,0,4011002,4,,0,0,0,...,0,0,11/4/2024 10:20,,0,0,NULL,NULL,NULL,NULL,NULL,NULL,NULL,NULL,NULL
146,1,مكتب الاستيراد -استهلاك كهرباء,2,139,...,0,4011003,4,,0,0,0,...,0,0,11/4/2024 10:20,,0,0,NULL,NULL,NULL,NULL,NULL,NULL,NULL,NULL,NULL
147,1, مكتب التطوير -استهلاك كهرباء,3,139,...,0,4011004,4,,0,0,0,...,0,0,11/4/2024 10:20,,0,0,NULL,NULL,NULL,NULL,NULL,NULL,NULL,NULL,NULL
148,1,مياه,10,60,...,0,40111,3,,0,0,,...,,0,9/12/2023 20:28,,0,0,NULL,NULL,NULL,NULL,NULL,NULL,NULL,NULL,NULL
149,1, *  *  *استهلاك مياه الشركه,0,148,...,0,4011101,4,,0,0,1,...,0,0,10/9/2024 14:09,,0,0,NULL,NULL,NULL,NULL,NULL,NULL,NULL,NULL,NULL
150,1,المعرض,1,149,...,0,401110101,5,0,0,0,0,...,0,0,10/7/2024 19:31,,0,0,NULL,NULL,NULL,NULL,NULL,NULL,NULL,NULL,NULL
151,1,مخزن مسطرد,1,149,...,0,401110102,5,0,0,0,0,...,0,0,10/7/2024 19:31,,0,0,NULL,NULL,NULL,NULL,NULL,NULL,NULL,NULL,NULL
152,1, مخزن الجيش ,1,149,...,0,401110103,5,0,0,0,0,...,0,0,10/7/2024 19:31,,0,0,NULL,NULL,NULL,NULL,NULL,NULL,NULL,NULL,NULL
153,1, مخزن الخرنفش ,1,149,...,0,401110104,5,0,0,0,0,...,0,0,10/7/2024 19:31,,0,0,NULL,NULL,NULL,NULL,NULL,NULL,NULL,NULL,NULL
154,1,المكتب العلمي -استهلاك مياه,1,148,...,0,4011102,4,,0,0,0,...,0,0,11/4/2024 10:20,,0,0,NULL,NULL,NULL,NULL,NULL,NULL,NULL,NULL,NULL
155,1,مكتب الاستيراد -استهلاك مياه,2,148,...,0,4011103,4,,0,0,0,...,0,0,11/4/2024 10:21,,0,0,NULL,NULL,NULL,NULL,NULL,NULL,NULL,NULL,NULL
156,1, مكتب التطوير -استهلاك مياه,3,148,...,0,4011104,4,,0,0,0,...,0,0,11/4/2024 10:21,,0,0,NULL,NULL,NULL,NULL,NULL,NULL,NULL,NULL,NULL
157,1,دعاية واعلان,11,60,...,0,40112,3,,0,0,,...,,0,6/19/2025 15:09,,0,0,NULL,NULL,NULL,NULL,NULL,NULL,NULL,NULL,NULL
158,1, الشركة -دعايا واعلان,0,157,...,0,4011201,4,,0,0,0,...,0,0,11/4/2024 10:14,,0,0,NULL,NULL,NULL,NULL,NULL,NULL,NULL,NULL,NULL
159,1,المكتب العلمي -دعايا واعلان,1,157,...,0,4011202,4,,0,0,0,...,0,0,11/4/2024 10:14,,0,0,NULL,NULL,NULL,NULL,NULL,NULL,NULL,NULL,NULL
160,1,مكتب الاستيراد -دعايا واعلان,2,157,...,0,4011203,4,,0,0,0,...,0,0,11/4/2024 10:14,,0,0,NULL,NULL,NULL,NULL,NULL,NULL,NULL,NULL,NULL
161,1,مكتب التطوير -دعايا واعلان,3,157,...,0,4011204,4,,0,0,0,...,0,0,11/4/2024 10:14,,0,0,NULL,NULL,NULL,NULL,NULL,NULL,NULL,NULL,NULL
162,1, بوفية,12,60,...,0,40113,3,,0,0,,...,,0,10/5/2024 15:36,,0,0,NULL,NULL,NULL,NULL,NULL,NULL,NULL,NULL,NULL
163,1, *  * مستلزمات بوفيه الشركه,0,162,...,0,4011301,4,,0,0,1,...,0,0,10/7/2024 19:32,,0,0,NULL,NULL,NULL,NULL,NULL,NULL,NULL,NULL,NULL
164,1,مستلزمات بوفيه وضيافة -  الدفتر,1,163,...,0,401130101,5,0,0,0,0,...,0,0,11/4/2024 11:14,,0,0,NULL,NULL,NULL,NULL,NULL,NULL,NULL,NULL,NULL
165,1,مستلزمات بوفيه وضيافة -  ناجح ,1,163,...,0,401130102,5,0,0,0,0,...,0,0,11/4/2024 11:14,,0,0,NULL,NULL,NULL,NULL,NULL,NULL,NULL,NULL,NULL
166,1,مستلزمات بوفيه وضيافة - احمد سلامه,1,163,...,0,401130103,5,0,0,0,0,...,0,0,11/4/2024 11:14,,0,0,NULL,NULL,NULL,NULL,NULL,NULL,NULL,NULL,NULL
167,1,مستلزمات بوفيه وضيافة - مخازن مسطرد,1,163,...,0,401130104,5,0,0,0,0,...,0,0,11/4/2024 11:14,,0,0,NULL,NULL,NULL,NULL,NULL,NULL,NULL,NULL,NULL
168,1,مستلزمات بوفيه وضيافة -  مخزن ش.الجيش,1,163,...,0,401130105,5,0,0,0,0,...,0,0,11/4/2024 11:14,,0,0,NULL,NULL,NULL,NULL,NULL,NULL,NULL,NULL,NULL
169,1,مستلزمات بوفيه وضيافة -  اسلام,1,163,...,0,401130106,5,0,0,0,0,...,0,0,11/4/2024 11:14,,0,0,NULL,NULL,NULL,NULL,NULL,NULL,NULL,NULL,NULL
170,1,مستلزمات بوفيه وضيافة - حسام ,1,163,...,0,401130107,5,0,0,0,0,...,0,0,11/4/2024 11:14,,0,0,NULL,NULL,NULL,NULL,NULL,NULL,NULL,NULL,NULL
171,1,المكتب العلمي -مستلزمات بوفية,1,162,...,0,4011302,4,,0,0,0,...,0,0,11/4/2024 10:21,,0,0,NULL,NULL,NULL,NULL,NULL,NULL,NULL,NULL,NULL
172,1,مكتب الاستيراد -مستلزمات بوفيه,2,162,...,0,4011303,4,,0,0,0,...,0,0,11/4/2024 10:21,,0,0,NULL,NULL,NULL,NULL,NULL,NULL,NULL,NULL,NULL
173,1,مكتب التطوير -مستلزمات بوفيه,3,162,...,0,4011304,4,,0,0,0,...,0,0,11/4/2024 10:21,,0,0,NULL,NULL,NULL,NULL,NULL,NULL,NULL,NULL,NULL
174,1,نقل,13,60,...,0,40114,3,,0,0,,...,,0,9/12/2023 20:31,,0,0,NULL,NULL,NULL,NULL,NULL,NULL,NULL,NULL,NULL
175,1,محمد رشدي,0,174,...,0,4011401,4,,0,0,,...,,0,9/12/2023 20:31,,0,0,NULL,NULL,NULL,NULL,NULL,NULL,NULL,NULL,NULL
176,1,احمد جوده,1,174,...,0,4011402,4,,0,0,,...,,0,9/12/2023 20:32,,0,0,NULL,NULL,NULL,NULL,NULL,NULL,NULL,NULL,NULL
177,1,اتصالات وانترنت,14,60,...,0,40115,3,,0,0,,...,,0,9/12/2023 20:32,,0,0,NULL,NULL,NULL,NULL,NULL,NULL,NULL,NULL,NULL
178,1, الشركه -اتصالات وانترنت,0,177,...,0,4011501,4,,0,0,0,...,0,0,11/4/2024 10:22,,0,0,NULL,NULL,NULL,NULL,NULL,NULL,NULL,NULL,NULL
179,1, المكتب العلمي -اتصالات وانترنت,1,177,...,0,4011502,4,,0,0,0,...,0,0,11/4/2024 10:22,,0,0,NULL,NULL,NULL,NULL,NULL,NULL,NULL,NULL,NULL
180,1, مكتب الاستيراد -اتصالات وانترنت,2,177,...,0,4011503,4,,0,0,0,...,0,0,11/4/2024 10:22,,0,0,NULL,NULL,NULL,NULL,NULL,NULL,NULL,NULL,NULL
181,1, مكتب التطوير -اتصالات وانترنت,3,177,...,0,4011504,4,,0,0,0,...,0,0,11/4/2024 10:22,,0,0,NULL,NULL,NULL,NULL,NULL,NULL,NULL,NULL,NULL
182,1,الاكراميات,15,60,...,0,40116,3,,0,0,0,...,,0,2/19/2024 19:20,,0,0,NULL,NULL,NULL,NULL,NULL,NULL,NULL,NULL,NULL
183,1, *  * اكراميات الشركه,0,182,...,0,4011601,4,,0,0,1,...,0,0,10/7/2024 19:34,,0,0,NULL,NULL,NULL,NULL,NULL,NULL,NULL,NULL,NULL
184,1, اكراميات -  الدفتر,1,183,...,0,401160101,5,0,0,0,0,...,0,0,11/4/2024 12:13,,0,0,NULL,NULL,NULL,NULL,NULL,NULL,NULL,NULL,NULL
185,1, اكراميات - ناجح ,1,183,...,0,401160102,5,0,0,0,0,...,0,0,11/4/2024 12:14,,0,0,NULL,NULL,NULL,NULL,NULL,NULL,NULL,NULL,NULL
186,1, اكراميات - احمد سلامه,1,183,...,0,401160103,5,0,0,0,0,...,0,0,11/4/2024 12:13,,0,0,NULL,NULL,NULL,NULL,NULL,NULL,NULL,NULL,NULL
187,1, اكراميات -  مخازن مسطرد,1,183,...,0,401160104,5,0,0,0,0,...,0,0,11/4/2024 12:13,,0,0,NULL,NULL,NULL,NULL,NULL,NULL,NULL,NULL,NULL
188,1, اكراميات - مخزن ش.الجيش,1,183,...,0,401160105,5,0,0,0,0,...,0,0,11/4/2024 12:14,,0,0,NULL,NULL,NULL,NULL,NULL,NULL,NULL,NULL,NULL
189,1, اكراميات -  اسلام,1,183,...,0,401160106,5,0,0,0,0,...,0,0,11/4/2024 12:13,,0,0,NULL,NULL,NULL,NULL,NULL,NULL,NULL,NULL,NULL
190,1, اكراميات -  حسام ,1,183,...,0,401160107,5,0,0,0,0,...,0,0,11/4/2024 12:13,,0,0,NULL,NULL,NULL,NULL,NULL,NULL,NULL,NULL,NULL
191,1, المكتب العلمي -اكراميات,1,182,...,0,4011602,4,,0,0,0,...,0,0,11/4/2024 10:23,,0,0,NULL,NULL,NULL,NULL,NULL,NULL,NULL,NULL,NULL
192,1, مكتب الاستيراد -اكراميات,2,182,...,0,4011603,4,,0,0,0,...,0,0,11/4/2024 10:23,,0,0,NULL,NULL,NULL,NULL,NULL,NULL,NULL,NULL,NULL
193,1,مكتب التطوير -اكراميات,3,182,...,0,4011604,4,,0,0,0,...,0,0,11/4/2024 10:23,,0,0,NULL,NULL,NULL,NULL,NULL,NULL,NULL,NULL,NULL
194,1,غاز,16,60,...,0,40117,3,,0,0,,...,,0,9/12/2023 20:35,,0,0,NULL,NULL,NULL,NULL,NULL,NULL,NULL,NULL,NULL
195,1,تامينات اجتماعيه,17,60,...,0,40118,3,,0,0,,...,,0,9/12/2023 20:35,,0,0,NULL,NULL,NULL,NULL,NULL,NULL,NULL,NULL,NULL
196,1,منح ومزايا عينيه,18,60,...,0,40119,3,,0,0,,...,,0,9/12/2023 20:35,,0,0,NULL,NULL,NULL,NULL,NULL,NULL,NULL,NULL,NULL
197,1,مصروفات حكوميه,19,60,...,0,40120,3,,0,0,0,...,0,0,7/30/2024 10:41,,0,0,NULL,NULL,NULL,NULL,NULL,NULL,NULL,NULL,NULL
198,1,مصروفات الاستيراد,1,59,...,0,402,2,,0,0,,...,,0,9/12/2023 20:36,,0,0,NULL,NULL,NULL,NULL,NULL,NULL,NULL,NULL,NULL
199,1,مصروفات الصحه ,0,198,...,0,40201,3,,0,0,,...,,0,9/12/2023 20:36,,0,0,NULL,NULL,NULL,NULL,NULL,NULL,NULL,NULL,NULL
200,1,المعامل ,0,199,...,0,4020101,4,,0,0,,...,,0,9/12/2023 20:36,,0,0,NULL,NULL,NULL,NULL,NULL,NULL,NULL,NULL,NULL
201,1,الاداره ,1,199,...,0,4020102,4,,0,0,,...,,0,9/12/2023 20:36,,0,0,NULL,NULL,NULL,NULL,NULL,NULL,NULL,NULL,NULL
202,1,ختم الفاتوره,2,199,...,0,4020103,4,,0,0,,...,,0,9/12/2023 20:36,,0,0,NULL,NULL,NULL,NULL,NULL,NULL,NULL,NULL,NULL
203,1,مصروفات الجمارك,2,59,...,0,403,2,,0,0,,...,,0,9/12/2023 20:37,,0,0,NULL,NULL,NULL,NULL,NULL,NULL,NULL,NULL,NULL
204,1,ح/حسن عبد العزيز,0,203,...,0,40301,3,,0,93355,1,...,0,0,5/29/2024 19:51,,0,0,NULL,NULL,NULL,NULL,NULL,NULL,NULL,NULL,NULL
205,1,أ/ايهاب مخلص,1,203,...,0,40302,3,,0,0,,...,,0,9/12/2023 20:37,,0,0,NULL,NULL,NULL,NULL,NULL,NULL,NULL,NULL,NULL
206,1,ح/مصطفي برغوت,2,203,...,0,40303,3,,0,0,,...,,0,9/12/2023 20:37,,0,0,NULL,NULL,NULL,NULL,NULL,NULL,NULL,NULL,NULL
207,1,اعتماد بنكي استيرادي,3,203,...,0,40304,3,,0,750000,,...,,0,2/22/2024 15:55,,0,0,NULL,NULL,NULL,NULL,NULL,NULL,NULL,NULL,NULL
208,1,النافذة الموحدة,4,203,...,0,40305,3,,0,0,,...,,0,2/17/2024 14:05,,0,0,NULL,NULL,NULL,NULL,NULL,NULL,NULL,NULL,NULL
209,1,تنزيل الحاويات,5,203,...,0,40306,3,,0,0,,...,,0,9/12/2023 20:38,,0,0,NULL,NULL,NULL,NULL,NULL,NULL,NULL,NULL,NULL
211,1,الإيرادات ,4,0,...,0,5,1,,0,0,,...,,0,9/12/2023 20:38,,0,0,NULL,NULL,NULL,NULL,NULL,NULL,NULL,NULL,NULL
212,1,المبيعات,0,211,...,0,501,2,,0,0,,...,,0,9/12/2023 20:38,,0,0,NULL,NULL,NULL,NULL,NULL,NULL,NULL,NULL,NULL
213,1,مبيعات نقديه,0,212,...,0,50101,3,,0,0,,...,,0,2/22/2024 14:24,,0,0,NULL,NULL,NULL,NULL,NULL,NULL,NULL,NULL,NULL
214,1,مبيعات أجله,1,212,...,0,50102,3,,0,0,,...,,0,2/22/2024 14:24,,0,0,NULL,NULL,NULL,NULL,NULL,NULL,NULL,NULL,NULL
215,1,ايرادات أخري,1,211,...,0,502,2,,0,0,,...,,0,2/22/2024 16:42,,0,0,NULL,NULL,NULL,NULL,NULL,NULL,NULL,NULL,NULL
216,1,الصندوق,9,9,...,0,10210,3,,0,0,,...,0,0,2/15/2024 11:59,,0,0,NULL,NULL,NULL,NULL,NULL,NULL,NULL,NULL,NULL
220,1,شركة الاصدقاء,1,19,...,0,10204020001,5,,0,0,0,...,,0,9/12/2023 21:19,,0,0,NULL,NULL,NULL,NULL,NULL,NULL,NULL,NULL,NULL
222,1,الاستاذ كريم هاشم عبدالحفيظ,1,16,...,0,102030001,4,,0,0,0,...,,0,2/17/2024 3:08,,0,0,NULL,NULL,NULL,NULL,NULL,NULL,NULL,NULL,NULL
223,1,الاستاذ هاني يونس,2,16,...,0,102030002,4,,0,0,0,...,,0,2/17/2024 3:08,,0,0,NULL,NULL,NULL,NULL,NULL,NULL,NULL,NULL,NULL
224,1,الاستاذ حسام سيد عباس امام,3,16,...,0,102030003,4,,0,0,0,...,,0,9/14/2023 10:19,,0,0,NULL,NULL,NULL,NULL,NULL,NULL,NULL,NULL,NULL
225,1,شركة الحافظ,4,16,...,0,102030004,4,,0,0,0,...,,0,2/15/2025 11:21,,0,0,NULL,NULL,NULL,NULL,NULL,NULL,NULL,NULL,NULL
226,1,رمضان محمود طه ج محمد محمود,5,16,...,0,102030005,4,,0,0,0,...,,0,9/14/2023 10:15,,0,0,NULL,NULL,NULL,NULL,NULL,NULL,NULL,NULL,NULL
227,1,سامر مجدي بطرس عبدالسيد,6,16,...,0,102030006,4,,0,0,0,...,,0,9/14/2023 10:17,,0,0,NULL,NULL,NULL,NULL,NULL,NULL,NULL,NULL,NULL
228,1,محمد عبد الرحمن السيد ومحمود عبدالرحمن سيد,7,16,...,0,102030007,4,,0,0,0,...,,0,9/14/2023 10:26,,0,0,NULL,NULL,NULL,NULL,NULL,NULL,NULL,NULL,NULL
229,1, خضر عبد المطلب احمد وشركاه,8,16,...,0,102030008,4,,0,0,0,...,,0,4/8/2024 13:56,,0,0,NULL,NULL,NULL,NULL,NULL,NULL,NULL,NULL,NULL
230,1,حمـــدي معتــــمد مرسي,9,16,...,0,102030009,4,,0,0,0,...,,0,9/14/2023 10:31,,0,0,NULL,NULL,NULL,NULL,NULL,NULL,NULL,NULL,NULL
231,1,يسري الرحماني,10,16,...,0,102030010,4,,0,0,0,...,,0,9/14/2023 10:38,,0,0,NULL,NULL,NULL,NULL,NULL,NULL,NULL,NULL,NULL
232,1,عبدالناصر حلمي,11,16,...,0,102030011,4,,0,0,0,...,,0,9/14/2023 10:42,,0,0,NULL,NULL,NULL,NULL,NULL,NULL,NULL,NULL,NULL
233,1,مؤمن عبد الرحمن,12,16,...,0,102030012,4,,0,0,0,...,,0,9/14/2023 10:44,,0,0,NULL,NULL,NULL,NULL,NULL,NULL,NULL,NULL,NULL
234,1,مجدي عبدالمجيد,13,16,...,0,102030013,4,,0,0,0,...,,0,2/17/2024 3:08,,0,0,NULL,NULL,NULL,NULL,NULL,NULL,NULL,NULL,NULL
235,1,الاستاذ رضا ابو خطوه,14,16,...,0,102030014,4,,0,0,0,...,,0,2/17/2024 3:08,,0,0,NULL,NULL,NULL,NULL,NULL,NULL,NULL,NULL,NULL
236,1,العهده,2,217,...,0,102110103,5,,0,0,,...,,0,11/1/2024 16:37,,0,0,NULL,NULL,NULL,NULL,NULL,NULL,NULL,NULL,NULL
237,1,صادرات وواردات,6,203,...,0,40308,3,,0,0,,...,,0,3/5/2024 16:43,,0,0,NULL,NULL,NULL,NULL,NULL,NULL,NULL,NULL,NULL
238,1,مخزن مسطرد,1,7,...,0,1010501,4,,0,0,0,...,0,0,9/22/2023 15:58,,0,0,NULL,NULL,NULL,NULL,NULL,NULL,NULL,NULL,NULL
239,1,مخزن شارع الجيش,1,7,...,0,1010502,4,,0,0,0,...,0,0,9/22/2023 15:58,,0,0,NULL,NULL,NULL,NULL,NULL,NULL,NULL,NULL,NULL
241,1,مكتب الاستيراد النزهه,1,7,...,0,1010504,4,,0,0,0,...,0,0,9/22/2023 15:59,,0,0,NULL,NULL,NULL,NULL,NULL,NULL,NULL,NULL,NULL
242,1,المكتب العلمي,1,7,...,0,1010505,4,,0,0,0,...,0,0,9/22/2023 15:59,,0,0,NULL,NULL,NULL,NULL,NULL,NULL,NULL,NULL,NULL
243,1,مكتب التطوير,1,7,...,0,1010506,4,,0,0,0,...,0,0,9/22/2023 16:00,,0,0,NULL,NULL,NULL,NULL,NULL,NULL,NULL,NULL,NULL
244,1,مخزن مسطرد 2,1,7,...,0,1010507,4,0,0,0,0,...,0,0,9/13/2024 20:03,,0,0,NULL,NULL,NULL,NULL,NULL,NULL,NULL,NULL,NULL
245,1,شقه اداريه,1,7,...,0,1010508,4,,0,0,0,...,0,0,9/22/2023 19:00,,0,0,NULL,NULL,NULL,NULL,NULL,NULL,NULL,NULL,NULL
246,1,عينات,20,60,...,0,40121,3,,0,0,,...,,0,9/22/2023 19:19,,0,0,NULL,NULL,NULL,NULL,NULL,NULL,NULL,NULL,NULL
247,1,عينات احمد سلامه,0,246,...,0,4012101,4,,0,0,,...,,0,9/22/2023 19:32,,0,0,NULL,NULL,NULL,NULL,NULL,NULL,NULL,NULL,NULL
248,1,عينات الدفتر,1,246,...,0,4012102,4,,0,0,,...,,0,9/22/2023 19:32,,0,0,NULL,NULL,NULL,NULL,NULL,NULL,NULL,NULL,NULL
249,1,عينات ناجح,2,246,...,0,4012103,4,,0,0,,...,,0,9/22/2023 19:32,,0,0,NULL,NULL,NULL,NULL,NULL,NULL,NULL,NULL,NULL
250,1,هدايا,21,60,...,0,40122,3,,0,0,,...,,0,9/22/2023 19:32,,0,0,NULL,NULL,NULL,NULL,NULL,NULL,NULL,NULL,NULL
251,1,هدايا - ناجح  ,0,250,...,0,4012201,4,,0,0,,...,,0,11/4/2024 11:35,,0,0,NULL,NULL,NULL,NULL,NULL,NULL,NULL,NULL,NULL
252,1,هدايا - احمد سلامه,1,250,...,0,4012202,4,,0,0,,...,,0,11/4/2024 11:36,,0,0,NULL,NULL,NULL,NULL,NULL,NULL,NULL,NULL,NULL
253,1,هدايا - الدفتر,2,250,...,0,4012203,4,,0,0,,...,,0,11/4/2024 11:36,,0,0,NULL,NULL,NULL,NULL,NULL,NULL,NULL,NULL,NULL
254,1,مصروفات مكتب ج هشام,22,60,...,0,40123,3,,0,0,,...,,0,9/22/2023 19:34,,0,0,NULL,NULL,NULL,NULL,NULL,NULL,NULL,NULL,NULL
255,1,شحن دولي,23,60,...,0,40124,3,,0,0,,...,,0,9/22/2023 19:34,,0,0,NULL,NULL,NULL,NULL,NULL,NULL,NULL,NULL,NULL
256,1,يونيفورم,24,60,...,0,40125,3,,0,0,,...,,0,9/22/2023 19:34,,0,0,NULL,NULL,NULL,NULL,NULL,NULL,NULL,NULL,NULL
257,1,خصم مسموح به,25,60,...,0,40126,3,,0,0,,...,,0,9/28/2023 14:26,,0,0,NULL,NULL,NULL,NULL,NULL,NULL,NULL,NULL,NULL
258,1,الحاج عبود عبدالحميد,15,16,...,0,102030015,4,,0,0,0,...,,0,10/7/2023 13:35,,0,0,NULL,NULL,NULL,NULL,NULL,NULL,NULL,NULL,NULL
260,1,تسويات العملاء,26,60,...,0,40127,3,,0,0,,...,,0,3/22/2024 16:05,,0,0,NULL,NULL,NULL,NULL,NULL,NULL,NULL,NULL,NULL
261,1,صيانات -احمد سلامه,1,129,...,0,401090107,5,0,0,0,0,...,0,0,11/4/2024 11:33,,0,0,NULL,NULL,NULL,NULL,NULL,NULL,NULL,NULL,NULL
262,1,المشتريات,5,0,...,0,6,1,,0,0,,...,,0,10/16/2023 14:45,,0,0,NULL,NULL,NULL,NULL,NULL,NULL,NULL,NULL,NULL
263,1,نقل متنوع,2,174,...,0,4011403,4,,0,0,,...,,0,10/18/2023 19:29,,0,0,NULL,NULL,NULL,NULL,NULL,NULL,NULL,NULL,NULL
279,1,المخزن الرئيسي,1,17,...,0,1020301,4,,0,0,0,...,,0,12/10/2024 17:08,,0,0,NULL,NULL,NULL,NULL,NULL,NULL,NULL,NULL,NULL
268,1,بنك البركة,2,13,...,0,1020203,4,,0,0,0,...,,0,12/20/2023 18:18,,0,0,NULL,NULL,NULL,NULL,NULL,NULL,NULL,NULL,NULL
293,1,تكلفة اعدام اصناف,30,60,...,0,40131,3,,0,0,,...,,0,3/23/2024 11:23,,0,0,NULL,NULL,NULL,NULL,NULL,NULL,NULL,NULL,NULL
276,1,صيانات - مكاتب مقر الشركة,1,129,...,0,401090108,5,0,0,0,0,...,0,0,11/4/2024 11:33,,0,0,NULL,NULL,NULL,NULL,NULL,NULL,NULL,NULL,NULL
282,1,مخزن مسطرد رقم 2(المستشار سيد,1,44,...,0,1020902,4,,0,25000,,...,,0,4/17/2024 17:58,,0,0,NULL,NULL,NULL,NULL,NULL,NULL,NULL,NULL,NULL
281,1,مخزن الخرنفش,0,44,...,0,1020901,4,,0,50000,,...,,0,2/24/2024 19:29,,0,0,NULL,NULL,NULL,NULL,NULL,NULL,NULL,NULL,NULL
277,1,مصروفات خاصة ح/نبيل,27,60,...,0,40128,3,,0,0,,...,,0,2/16/2024 15:50,,0,0,NULL,NULL,NULL,NULL,NULL,NULL,NULL,NULL,NULL
278,1,اصلاح مكياج -  الدفتر,1,97,...,0,401050103,5,0,0,0,0,...,0,0,11/4/2024 12:16,,0,0,NULL,NULL,NULL,NULL,NULL,NULL,NULL,NULL,NULL
280,1,غرامات وعوائد,7,203,...,0,40309,3,,0,0,,...,,0,3/5/2024 16:43,,0,0,NULL,NULL,NULL,NULL,NULL,NULL,NULL,NULL,NULL
283,1,مخزن الأحراز,2,17,...,0,1020302,4,,0,0,0,...,,0,12/10/2024 17:08,,0,0,NULL,NULL,NULL,NULL,NULL,NULL,NULL,NULL,NULL
288,1,سفارة الصين,29,60,...,0,40130,3,,0,0,,...,,0,3/8/2024 14:54,,0,0,NULL,NULL,NULL,NULL,NULL,NULL,NULL,NULL,NULL
287,1,مكتب أ/لوسيان,28,60,...,0,40129,3,,0,0,,...,,0,3/5/2024 16:45,,0,0,NULL,NULL,NULL,NULL,NULL,NULL,NULL,NULL,NULL
289,1,مكتب الحسابات,1,7,...,0,1010508,4,,0,0,0,...,0,0,3/14/2024 13:41,,0,0,NULL,NULL,NULL,NULL,NULL,NULL,NULL,NULL,NULL
290,1,الشقة الادارية,2,44,...,0,1020903,4,,0,0,,...,,0,3/21/2024 14:01,,0,0,NULL,NULL,NULL,NULL,NULL,NULL,NULL,NULL,NULL
291,1,العلامة التجارية,10,9,...,0,10211,3,,0,0,,...,,0,3/21/2024 14:32,,0,0,NULL,NULL,NULL,NULL,NULL,NULL,NULL,NULL,NULL
294,1,الشقة الادارية,1,33,...,0,102080204,5,,0,0,0,...,0,0,3/23/2024 11:47,,0,0,NULL,NULL,NULL,NULL,NULL,NULL,NULL,NULL,NULL
295,1,اعمال تجديدات المعرض,1,33,...,0,102080205,5,0,0,0,0,...,0,0,9/5/2024 14:25,,0,0,NULL,NULL,NULL,NULL,NULL,NULL,NULL,NULL,NULL
296,1,الشقة الادارية,1,66,...,0,4010206,4,,0,0,0,...,0,0,3/26/2024 12:04,,0,0,NULL,NULL,NULL,NULL,NULL,NULL,NULL,NULL,NULL
297,1,المعرض,1,7,...,0,1010509,4,,0,0,0,...,0,0,3/27/2024 11:23,,0,0,NULL,NULL,NULL,NULL,NULL,NULL,NULL,NULL,NULL
298,1,أ/احمد ابراهيم محل رقم 1 بجوار مخزن مسطرد 3,1,46,...,0,20103,3,0,0,0,0,...,0,0,3/27/2024 15:33,,0,0,NULL,NULL,NULL,NULL,NULL,NULL,NULL,NULL,NULL
299,1,مخزن مسطرد 3,1,7,...,0,1010510,4,0,0,0,0,...,0,0,9/13/2024 20:03,,0,0,NULL,NULL,NULL,NULL,NULL,NULL,NULL,NULL,NULL
300,1,الشيخ ناصر,16,16,...,0,102030016,4,3,0,0,0,...,,0,3/28/2024 10:29,,0,0,NULL,NULL,NULL,NULL,NULL,NULL,NULL,NULL,NULL
301,1,وحدة ادارية رقم 1 برج الاشراف الضاهر,1,46,...,0,20104,3,,0,0,0,...,0,0,3/28/2024 11:06,,0,0,NULL,NULL,NULL,NULL,NULL,NULL,NULL,NULL,NULL
302,1,وحدة ادارية رقم 2 برج الاشراف الضاهر,1,46,...,0,20105,3,,0,0,0,...,0,0,3/28/2024 11:07,,0,0,NULL,NULL,NULL,NULL,NULL,NULL,NULL,NULL,NULL
303,1,عهده م/ندا,7,24,...,0,1020808,4,,0,0,,...,,0,3/28/2024 11:20,,0,0,NULL,NULL,NULL,NULL,NULL,NULL,NULL,NULL,NULL
304,1,مخزن مسطرد 2,1,33,...,0,102080206,5,,0,0,0,...,0,0,3/29/2024 15:52,,0,0,NULL,NULL,NULL,NULL,NULL,NULL,NULL,NULL,NULL
305,1,مخزن مسطرد 3,1,33,...,0,102080207,5,,0,0,0,...,0,0,3/29/2024 15:52,,0,0,NULL,NULL,NULL,NULL,NULL,NULL,NULL,NULL,NULL
306,1,عهده م/انجي,8,24,...,0,,1,,0,0,,...,,0,3/30/2024 13:11,,0,0,NULL,NULL,NULL,NULL,NULL,NULL,NULL,NULL,NULL
310,1,ح/حسن ع.العزيز YWP2022-6,1,204,...,0,4030102,4,0,0,93355,0,...,0,0,4/6/2024 10:37,,0,0,NULL,NULL,NULL,NULL,NULL,NULL,NULL,NULL,NULL
309,1,ح/حسن ع.العزيز مصروفات اداريه,1,204,...,0,4030101,4,0,0,0,0,...,0,0,4/5/2024 21:26,,0,0,NULL,NULL,NULL,NULL,NULL,NULL,NULL,NULL,NULL
311,1,ح/حسن ع.العزيز YWP2022-5,1,204,...,0,4030103,4,0,0,0,0,...,0,0,4/5/2024 21:27,,0,0,NULL,NULL,NULL,NULL,NULL,NULL,NULL,NULL,NULL
312,1,ح/حسن ع.العزيز YWP2022-11,1,204,...,0,4030104,4,0,0,0,0,...,0,0,4/5/2024 21:27,,0,0,NULL,NULL,NULL,NULL,NULL,NULL,NULL,NULL,NULL
313,1,ح/حسن ع.العزيز YWP2022-12,1,204,...,0,4030105,4,0,0,0,0,...,0,0,4/5/2024 21:27,,0,0,NULL,NULL,NULL,NULL,NULL,NULL,NULL,NULL,NULL
314,1,ح/حسن ع.العزيز YWP2023-5,1,204,...,0,4030106,4,0,0,0,0,...,0,0,4/5/2024 21:26,,0,0,NULL,NULL,NULL,NULL,NULL,NULL,NULL,NULL,NULL
315,1,ح/حسن ع.العزيز YWP2023-8,1,204,...,0,4030107,4,0,0,0,0,...,0,0,4/5/2024 21:26,,0,0,NULL,NULL,NULL,NULL,NULL,NULL,NULL,NULL,NULL
316,1,ح/حسن ع.العزيز ضرائب,1,204,...,0,4030108,4,,0,0,0,...,0,0,4/5/2024 21:37,,0,0,NULL,NULL,NULL,NULL,NULL,NULL,NULL,NULL,NULL
317,1,نقدا وبدل تبديل,17,16,...,0,102030017,4,,0,0,0,...,,0,4/26/2024 11:33,,0,0,NULL,NULL,NULL,NULL,NULL,NULL,NULL,NULL,NULL
318,1,مصطفي حسين,18,16,...,0,102030018,4,,0,0,0,...,,0,4/26/2024 17:43,,0,0,NULL,NULL,NULL,NULL,NULL,NULL,NULL,NULL,NULL
319,1,مصروفات مقدمة ,11,9,...,0,10212,3,,0,0,,...,0,0,4/9/2025 16:54,,0,0,NULL,NULL,NULL,NULL,NULL,NULL,NULL,NULL,NULL
320,1,م.مقدم ش.الجيش,0,319,...,0,1021201,4,,0,0,,...,,0,5/29/2024 14:08,,0,0,NULL,NULL,NULL,NULL,NULL,NULL,NULL,NULL,NULL
321,1,م.مقدم مخزن اسماعيل,1,319,...,0,1021202,4,,0,0,,...,,0,5/29/2024 14:08,,0,0,NULL,NULL,NULL,NULL,NULL,NULL,NULL,NULL,NULL
322,1,م.مقدم شقة رجب,2,319,...,0,1021203,4,,0,0,,...,,0,5/29/2024 14:12,,0,0,NULL,NULL,NULL,NULL,NULL,NULL,NULL,NULL,NULL
323,1,م.مقدم مخزن سيد,3,319,...,0,1021204,4,,0,0,,...,,0,5/29/2024 14:13,,0,0,NULL,NULL,NULL,NULL,NULL,NULL,NULL,NULL,NULL
324,1,مصروفات بنكية,31,60,...,0,40132,3,,0,0,,...,,0,5/29/2024 19:33,,0,0,NULL,NULL,NULL,NULL,NULL,NULL,NULL,NULL,NULL
325,1,حمام الخفير مخزن 3,1,33,...,0,102080208,5,,0,0,0,...,0,0,6/14/2024 11:41,,0,0,NULL,NULL,NULL,NULL,NULL,NULL,NULL,NULL,NULL
326,1,تأهيل مكتب الاستيراد,1,33,...,0,102080209,5,,0,0,0,...,0,0,6/14/2024 11:42,,0,0,NULL,NULL,NULL,NULL,NULL,NULL,NULL,NULL,NULL
327,1,"عمار جروب	",19,16,...,0,102030019,4,,0,0,0,...,,0,6/26/2024 18:05,,0,0,NULL,NULL,NULL,NULL,NULL,NULL,NULL,NULL,NULL
328,1,محلات صاصا,20,16,...,0,102030020,4,,0,0,0,...,,0,6/26/2024 18:06,,0,0,NULL,NULL,NULL,NULL,NULL,NULL,NULL,NULL,NULL
329,1,"ح/حسن ع.العزيز YWP2023-9	",1,204,...,0,4030109,4,3,0,0,0,...,0,0,6/28/2024 10:11,,0,0,NULL,NULL,NULL,NULL,NULL,NULL,NULL,NULL,NULL
330,1, توريد وتركيب اسانسير بضاعة مخزن مسطرد 1,1,33,...,0,102080210,5,3,0,0,0,...,0,0,6/28/2024 10:25,,0,0,NULL,NULL,NULL,NULL,NULL,NULL,NULL,NULL,NULL
331,1,تغير مصادر مياه مخزن مسطرد1 والحسابات,1,33,...,0,102080211,5,3,0,0,0,...,0,0,7/5/2024 14:44,,0,0,NULL,NULL,NULL,NULL,NULL,NULL,NULL,NULL,NULL
332,1,م.مقدم الشقة الادارية,4,319,...,0,1021205,4,,0,0,,...,,0,7/8/2024 19:35,,0,0,NULL,NULL,NULL,NULL,NULL,NULL,NULL,NULL,NULL
333,1,استهلاك كهرباء - الوحدتين الاداريتين ببرج الاشراف,1,140,...,0,401100105,5,0,0,0,0,...,0,0,11/4/2024 12:16,,0,0,NULL,NULL,NULL,NULL,NULL,NULL,NULL,NULL,NULL
334,1,نقل ملكية عدادات مخازن مسطرد,1,33,...,0,102080212,5,3,0,0,0,...,0,0,7/10/2024 10:05,,0,0,NULL,NULL,NULL,NULL,NULL,NULL,NULL,NULL,NULL
335,1,مصروفات ضيافة,32,60,...,0,40133,3,,0,0,,...,,0,7/13/2024 16:37,,0,0,NULL,NULL,NULL,NULL,NULL,NULL,NULL,NULL,NULL
336,1, لوازم كهرباء و كابلات الكات 6 ,1,33,...,0,102080213,5,3,0,0,0,...,0,0,7/15/2024 16:17,,0,0,NULL,NULL,NULL,NULL,NULL,NULL,NULL,NULL,NULL
337,1,الوحدتين الاداريتين ببرج الاشراف,1,33,...,0,102080214,5,3,0,0,0,...,0,0,7/17/2024 14:06,,0,0,NULL,NULL,NULL,NULL,NULL,NULL,NULL,NULL,NULL
338,1,ح/حسن ع.العزيز YWP2024-1,1,204,...,0,4030110,4,3,0,0,0,...,0,0,7/17/2024 14:24,,0,0,NULL,NULL,NULL,NULL,NULL,NULL,NULL,NULL,NULL
339,1,بنك اسكندرية عملة (فرنك),3,13,...,0,1020204,4,,0,0,,...,,0,7/19/2024 19:46,,0,0,NULL,NULL,NULL,NULL,NULL,NULL,NULL,NULL,NULL
340,1,صيانة التكييفات,1,33,...,0,102080215,5,3,0,0,0,...,0,0,7/19/2024 19:49,,0,0,NULL,NULL,NULL,NULL,NULL,NULL,NULL,NULL,NULL
341,1,جمارك وارضيات,8,203,...,0,40310,3,,0,0,,...,,0,9/10/2024 14:00,,0,0,NULL,NULL,NULL,NULL,NULL,NULL,NULL,NULL,NULL
342,1,اعمال اضافية اخري,1,33,...,0,102080216,5,3,0,0,0,...,0,0,7/23/2024 16:44,,0,0,NULL,NULL,NULL,NULL,NULL,NULL,NULL,NULL,NULL
343,1,اعمال مدنية بمنطقة الاسانسير,1,33,...,0,102080217,5,3,0,0,0,...,0,0,7/26/2024 9:54,,0,0,NULL,NULL,NULL,NULL,NULL,NULL,NULL,NULL,NULL
344,1,الوحدتين الاداريتين ببرج الاشراف,1,7,...,0,1010511,4,3,0,0,0,...,0,0,7/26/2024 11:54,,0,0,NULL,NULL,NULL,NULL,NULL,NULL,NULL,NULL,NULL
345,1,صيانات - مكتب الحسابات,1,129,...,0,401090109,5,0,0,0,0,...,0,0,11/4/2024 11:33,,0,0,NULL,NULL,NULL,NULL,NULL,NULL,NULL,NULL,NULL
346,1,صيانات - الوحدتين الاداريتين ببرج الاشراف,1,129,...,0,401090110,5,0,0,0,0,...,0,0,11/4/2024 11:33,,0,0,NULL,NULL,NULL,NULL,NULL,NULL,NULL,NULL,NULL
347,1,تجديد الرخص,33,60,...,0,40134,3,3,0,0,1,...,0,0,7/30/2024 10:47,,0,0,NULL,NULL,NULL,NULL,NULL,NULL,NULL,NULL,NULL
348,1,رخص ش.الجيش,1,347,...,0,4013401,4,3,0,0,0,...,0,0,7/30/2024 10:48,,0,0,NULL,NULL,NULL,NULL,NULL,NULL,NULL,NULL,NULL
349,1,رخص المعرض,1,347,...,0,4013402,4,3,0,0,0,...,0,0,7/30/2024 10:49,,0,0,NULL,NULL,NULL,NULL,NULL,NULL,NULL,NULL,NULL
350,1,اصول غير ملموسة,6,2,...,0,10107,3,,0,0,,...,,0,1/2/2025 19:31,,0,0,NULL,NULL,NULL,NULL,NULL,NULL,NULL,NULL,NULL
351,1,غرفة مدير المخازن,1,33,...,0,102080218,5,3,0,0,0,...,0,0,8/6/2024 10:18,,0,0,NULL,NULL,NULL,NULL,NULL,NULL,NULL,NULL,NULL
352,1,اعمال تجديد المعرض,1,7,...,0,1010512,4,3,0,0,0,...,0,0,8/28/2024 18:32,,0,0,NULL,NULL,NULL,NULL,NULL,NULL,NULL,NULL,NULL
353,1,مردودات المبيعات,2,212,...,0,50103,3,,0,0,,...,,0,9/10/2024 13:36,,0,0,NULL,NULL,NULL,NULL,NULL,NULL,NULL,NULL,NULL
354,1,مستر جورج A,1,46,...,0,20106,3,1,0,0,0,...,0,0,9/17/2024 17:11,,0,0,NULL,NULL,NULL,NULL,NULL,NULL,NULL,NULL,NULL
355,1,مخزن المرتجعات,3,17,...,0,1020303,4,2,0,0,0,...,,0,12/10/2024 17:08,,0,0,NULL,NULL,NULL,NULL,NULL,NULL,NULL,NULL,NULL
356,1,ح/حسن ع.العزيز YWP2024-5,1,204,...,0,4030111,4,,0,0,0,...,0,0,10/19/2024 20:02,,0,0,NULL,NULL,NULL,NULL,NULL,NULL,NULL,NULL,NULL
357,1,استهلاك كهرباء - مكتب الحسابات,1,140,...,0,401100106,5,,0,0,0,...,0,0,11/4/2024 13:28,,0,0,NULL,NULL,NULL,NULL,NULL,NULL,NULL,NULL,NULL
358,1,اعمال كوبري تشوين الحاويات,1,33,...,0,102080219,5,3,0,0,0,...,0,0,11/18/2024 12:26,,0,0,NULL,NULL,NULL,NULL,NULL,NULL,NULL,NULL,NULL
359,1,أ/شنوده المحامي,9,24,...,0,1020810,4,,0,0,,...,,0,11/27/2024 11:21,,0,0,NULL,NULL,NULL,NULL,NULL,NULL,NULL,NULL,NULL
360,1,ح/ممدوح ,10,24,...,0,1020811,4,,0,0,,...,,0,11/28/2024 11:29,,0,0,NULL,NULL,NULL,NULL,NULL,NULL,NULL,NULL,NULL
361,1,مكتب التطوير,1,33,...,0,102080220,5,,0,0,0,...,0,0,1/8/2025 16:21,,0,0,NULL,NULL,NULL,NULL,NULL,NULL,NULL,NULL,NULL
362,1,عهده أ/عصام عجايبي,11,24,...,0,1020812,4,,0,0,,...,,0,3/13/2025 9:41,,0,0,NULL,NULL,NULL,NULL,NULL,NULL,NULL,NULL,NULL
363,1,انتصار جودة كامل - مخزن مسطرد 2,1,46,...,1,20107,3,0,0,0,0,...,0,0,3/13/2025 14:49,,0,0,NULL,NULL,NULL,NULL,NULL,NULL,NULL,NULL,NULL
364,1,المكتب العلمي,1,33,...,0,102080221,5,2,0,0,0,...,0,0,3/17/2025 14:43,,0,0,NULL,NULL,NULL,NULL,NULL,NULL,NULL,NULL,NULL
365,1,مستر جورج,1,46,...,0,20108,3,1,0,0,0,...,0,0,3/17/2025 16:33,,0,0,NULL,NULL,NULL,NULL,NULL,NULL,NULL,NULL,NULL
366,1,مخزن التبديلات,4,17,...,0,1020304,4,2,0,0,0,...,,0,3/20/2025 13:55,,0,0,NULL,NULL,NULL,NULL,NULL,NULL,NULL,NULL,NULL
367,1,ح/حسن ع.العزيز YWP2024-10,1,204,...,0,4030112,4,2,0,0,0,...,0,0,3/22/2025 19:44,,0,0,NULL,NULL,NULL,NULL,NULL,NULL,NULL,NULL,NULL
368,1,عهده أ/محمد ابو العنين,12,24,...,0,1020813,4,,0,0,,...,,0,3/22/2025 19:46,,0,0,NULL,NULL,NULL,NULL,NULL,NULL,NULL,NULL,NULL
369,1,اشتركات,34,60,...,0,40135,3,,0,0,0,...,0,0,6/19/2025 17:04,,0,0,NULL,NULL,NULL,NULL,NULL,NULL,NULL,NULL,NULL
370,1,الشركة ,0,369,...,0,4013501,4,,0,0,0,...,0,0,6/19/2025 17:05,,0,0,NULL,NULL,NULL,NULL,NULL,NULL,NULL,NULL,NULL
371,1,المكتب العلمي ,1,369,...,0,4013502,4,,0,0,0,...,0,0,6/19/2025 17:05,,0,0,NULL,NULL,NULL,NULL,NULL,NULL,NULL,NULL,NULL
372,1,مكتب الاستيراد ,2,369,...,0,4013503,4,,0,0,0,...,0,0,6/19/2025 17:05,,0,0,NULL,NULL,NULL,NULL,NULL,NULL,NULL,NULL,NULL
373,1,مكتب التطوير ,3,369,...,0,4013504,4,,0,0,0,...,0,0,6/19/2025 17:05,,0,0,NULL,NULL,NULL,NULL,NULL,NULL,NULL,NULL,NULL
374,1,غرفة بواب مخزن مسطرد 1,1,33,...,0,102080222,5,2,0,0,0,...,0,0,6/25/2025 10:13,,0,0,NULL,NULL,NULL,NULL,NULL,NULL,NULL,NULL,NULL
375,1,عهده م/سجده,13,24,...,0,1020814,4,,0,0,,...,,0,7/7/2025 14:45,,0,0,NULL,NULL,NULL,NULL,NULL,NULL,NULL,NULL,NULL
